audit,strategy,protected_attribute,metric,mean_value,n_models_significant,n_models
ai_fair_recruitment,baseline,gender,accuracy_equality_diff,0.018759582195967517,3,3
ai_fair_recruitment,baseline,gender,demographic_parity_diff,-0.05805161988277327,3,3
ai_fair_recruitment,baseline,gender,disparate_impact_ratio,0.6114123555062624,3,3
ai_fair_recruitment,baseline,gender,equal_opportunity_diff,-0.09670808574090346,3,3
ai_fair_recruitment,baseline,gender,equalized_odds_diff,-0.09670808574090346,3,3
ai_fair_recruitment,baseline,gender,predictive_parity_diff,-0.00035830063258781203,0,3
ai_fair_recruitment,in_processing,gender,accuracy_equality_diff,0.016937984357722757,3,3
ai_fair_recruitment,in_processing,gender,demographic_parity_diff,-0.006099143138382131,0,3
ai_fair_recruitment,in_processing,gender,disparate_impact_ratio,0.9435337532870739,0,3
ai_fair_recruitment,in_processing,gender,equal_opportunity_diff,-0.0009265697221358948,0,3
ai_fair_recruitment,in_processing,gender,equalized_odds_diff,-0.0023908232387731265,0,3
ai_fair_recruitment,in_processing,gender,predictive_parity_diff,-0.014498129640443613,0,3
ai_fair_recruitment,post_processing,gender,accuracy_equality_diff,0.018585589156338306,3,3
ai_fair_recruitment,post_processing,gender,demographic_parity_diff,-0.012045685291820846,3,3
ai_fair_recruitment,post_processing,gender,disparate_impact_ratio,0.8764537162379428,3,3
ai_fair_recruitment,post_processing,gender,equal_opportunity_diff,-0.011804986799900599,0,3
ai_fair_recruitment,post_processing,gender,equalized_odds_diff,-0.014524796503309588,1,3
ai_fair_recruitment,post_processing,gender,predictive_parity_diff,-0.0022972091847536604,0,3
ai_fair_recruitment,unawareness,gender,accuracy_equality_diff,0.01772886820449245,3,3
ai_fair_recruitment,unawareness,gender,demographic_parity_diff,-0.0062165289275871866,0,3
ai_fair_recruitment,unawareness,gender,disparate_impact_ratio,0.9522260262099498,0,3
ai_fair_recruitment,unawareness,gender,equal_opportunity_diff,0.003025469571707027,0,3
ai_fair_recruitment,unawareness,gender,equalized_odds_diff,0.00116562618774575,0,3
ai_fair_recruitment,unawareness,gender,predictive_parity_diff,-0.011391648469388782,0,3
ai_fair_recruitment,unawareness_proxy_removal,gender,accuracy_equality_diff,0.017969921061478693,3,3
ai_fair_recruitment,unawareness_proxy_removal,gender,demographic_parity_diff,-0.006538161770028593,0,3
ai_fair_recruitment,unawareness_proxy_removal,gender,disparate_impact_ratio,0.9390780576144864,0,3
ai_fair_recruitment,unawareness_proxy_removal,gender,equal_opportunity_diff,0.00013877844989274948,0,3
ai_fair_recruitment,unawareness_proxy_removal,gender,equalized_odds_diff,-0.006008141284380282,0,3
ai_fair_recruitment,unawareness_proxy_removal,gender,predictive_parity_diff,-0.009741256115463984,0,3
benefits_denial,baseline,age,accuracy_equality_diff,-0.05162690610755871,3,3
benefits_denial,baseline,age,demographic_parity_diff,0.04106830537894905,2,3
benefits_denial,baseline,age,disparate_impact_ratio,1.2801946396733037,2,3
benefits_denial,baseline,age,equal_opportunity_diff,-0.02349896480331261,0,3
benefits_denial,baseline,age,equalized_odds_diff,-0.02349896480331261,0,3
benefits_denial,baseline,age,predictive_parity_diff,-0.008750823918788342,0,3
benefits_denial,baseline,age_x_race,intersectional_demographic_parity_diff,-0.028022354293540736,0,3
benefits_denial,baseline,national_origin,accuracy_equality_diff,0.030513690654423293,2,3
benefits_denial,baseline,national_origin,demographic_parity_diff,0.032569950427521054,1,3
benefits_denial,baseline,national_origin,disparate_impact_ratio,1.3340915224444816,1,3
benefits_denial,baseline,national_origin,equal_opportunity_diff,0.15897435897435894,1,3
benefits_denial,baseline,national_origin,equalized_odds_diff,0.15897435897435894,1,3
benefits_denial,baseline,national_origin,predictive_parity_diff,-0.04689424537103315,1,3
benefits_denial,baseline,national_origin_x_age,intersectional_demographic_parity_diff,0.10274459222939802,1,3
benefits_denial,baseline,national_origin_x_race,intersectional_demographic_parity_diff,-0.02346196868008947,2,3
benefits_denial,baseline,race,accuracy_equality_diff,0.07958794087414474,3,3
benefits_denial,baseline,race,demographic_parity_diff,-0.08694308178213829,3,3
benefits_denial,baseline,race,disparate_impact_ratio,0.5442855455294163,3,3
benefits_denial,baseline,race,equal_opportunity_diff,-0.005722789394784877,0,3
benefits_denial,baseline,race,equalized_odds_diff,-0.006158852030641972,1,3
benefits_denial,baseline,race,predictive_parity_diff,-0.07257627631949055,1,3
benefits_denial,baseline,sex,accuracy_equality_diff,0.11817522949983739,3,3
benefits_denial,baseline,sex,demographic_parity_diff,-0.15458633923790288,3,3
benefits_denial,baseline,sex,disparate_impact_ratio,0.30601444489045937,3,3
benefits_denial,baseline,sex,equal_opportunity_diff,-0.0998673153471915,2,3
benefits_denial,baseline,sex,equalized_odds_diff,-0.10526546187252335,3,3
benefits_denial,baseline,sex,predictive_parity_diff,-0.040446587628311305,1,3
benefits_denial,baseline,sex_x_age,intersectional_demographic_parity_diff,-0.13382107560005133,3,3
benefits_denial,baseline,sex_x_national_origin,intersectional_demographic_parity_diff,-0.15304590596619636,3,3
benefits_denial,baseline,sex_x_race,intersectional_demographic_parity_diff,-0.17629829099198055,3,3
benefits_denial,in_processing,age,accuracy_equality_diff,-0.0636524652713315,3,3
benefits_denial,in_processing,age,demographic_parity_diff,0.026463395024718145,2,3
benefits_denial,in_processing,age,disparate_impact_ratio,1.4075994287789408,2,3
benefits_denial,in_processing,age,equal_opportunity_diff,-0.005745341614906835,0,3
benefits_denial,in_processing,age,equalized_odds_diff,-0.0027832561280419963,1,3
benefits_denial,in_processing,age,predictive_parity_diff,-0.060806935388602344,2,3
benefits_denial,in_processing,age_x_race,intersectional_demographic_parity_diff,0.009342822902144938,1,3
benefits_denial,in_processing,national_origin,accuracy_equality_diff,0.03420318062348208,1,3
benefits_denial,in_processing,national_origin,demographic_parity_diff,-0.0028048374754632843,0,3
benefits_denial,in_processing,national_origin,disparate_impact_ratio,0.9701070192650847,0,3
benefits_denial,in_processing,national_origin,equal_opportunity_diff,0.019759467585554524,0,3
benefits_denial,in_processing,national_origin,equalized_odds_diff,0.020184123472445165,0,3
benefits_denial,in_processing,national_origin,predictive_parity_diff,-0.058994861617599335,0,3
benefits_denial,in_processing,national_origin_x_age,intersectional_demographic_parity_diff,0.03428224690047995,0,3
benefits_denial,in_processing,national_origin_x_race,intersectional_demographic_parity_diff,0.0181727388942154,0,3
benefits_denial,in_processing,race,accuracy_equality_diff,0.10554871113301323,3,3
benefits_denial,in_processing,race,demographic_parity_diff,-0.015469141609857956,0,3
benefits_denial,in_processing,race,disparate_impact_ratio,0.8043701764602568,1,3
benefits_denial,in_processing,race,equal_opportunity_diff,0.0765792382015341,1,3
benefits_denial,in_processing,race,equalized_odds_diff,0.0765792382015341,1,3
benefits_denial,in_processing,race,predictive_parity_diff,-0.1708829589591838,2,3
benefits_denial,in_processing,sex,accuracy_equality_diff,0.14590184949242288,3,3
benefits_denial,in_processing,sex,demographic_parity_diff,-0.022111490829239053,2,3
benefits_denial,in_processing,sex,disparate_impact_ratio,0.7329595413513145,2,3
benefits_denial,in_processing,sex,equal_opportunity_diff,0.08145363408521304,2,3
benefits_denial,in_processing,sex,equalized_odds_diff,0.08145363408521304,2,3
benefits_denial,in_processing,sex,predictive_parity_diff,-0.2751470812855598,3,3
benefits_denial,in_processing,sex_x_age,intersectional_demographic_parity_diff,0.004150087708039196,0,3
benefits_denial,in_processing,sex_x_national_origin,intersectional_demographic_parity_diff,-0.029933906590643822,0,3
benefits_denial,in_processing,sex_x_race,intersectional_demographic_parity_diff,-0.02047827422078919,1,3
benefits_denial,post_processing,age,accuracy_equality_diff,-0.05490384878762885,3,3
benefits_denial,post_processing,age,demographic_parity_diff,0.022462484009037106,2,3
benefits_denial,post_processing,age,disparate_impact_ratio,1.2285580834620606,2,3
benefits_denial,post_processing,age,equal_opportunity_diff,-0.016666666666666663,0,3
benefits_denial,post_processing,age,equalized_odds_diff,-0.012364396773823878,0,3
benefits_denial,post_processing,age,predictive_parity_diff,-0.004751320904630559,0,3
benefits_denial,post_processing,age_x_race,intersectional_demographic_parity_diff,-0.029581529581529584,0,3
benefits_denial,post_processing,national_origin,accuracy_equality_diff,0.03266942808663539,2,3
benefits_denial,post_processing,national_origin,demographic_parity_diff,0.004443224540040591,0,3
benefits_denial,post_processing,national_origin,disparate_impact_ratio,1.0459158585477135,0,3
benefits_denial,post_processing,national_origin,equal_opportunity_diff,0.052167156514982604,0,3
benefits_denial,post_processing,national_origin,equalized_odds_diff,0.052167156514982604,0,3
benefits_denial,post_processing,national_origin,predictive_parity_diff,-0.06917362245089116,0,3
benefits_denial,post_processing,national_origin_x_age,intersectional_demographic_parity_diff,0.033628954060630455,0,3
benefits_denial,post_processing,national_origin_x_race,intersectional_demographic_parity_diff,0.02633429210610419,0,3
benefits_denial,post_processing,race,accuracy_equality_diff,0.09965404555149866,3,3
benefits_denial,post_processing,race,demographic_parity_diff,-0.03750668886748451,3,3
benefits_denial,post_processing,race,disparate_impact_ratio,0.6480482448284443,3,3
benefits_denial,post_processing,race,equal_opportunity_diff,0.05660418649946932,0,3
benefits_denial,post_processing,race,equalized_odds_diff,0.05660418649946932,0,3
benefits_denial,post_processing,race,predictive_parity_diff,-0.11615046270723221,1,3
benefits_denial,post_processing,sex,accuracy_equality_diff,0.10821213838595178,3,3
benefits_denial,post_processing,sex,demographic_parity_diff,0.004211036161759926,0,3
benefits_denial,post_processing,sex,disparate_impact_ratio,1.0389360203329918,0,3
benefits_denial,post_processing,sex,equal_opportunity_diff,0.15748194014447883,3,3
benefits_denial,post_processing,sex,equalized_odds_diff,0.15748194014447883,3,3
benefits_denial,post_processing,sex,predictive_parity_diff,-0.4227974769507698,3,3
benefits_denial,post_processing,sex_x_age,intersectional_demographic_parity_diff,0.016433491635647963,0,3
benefits_denial,post_processing,sex_x_national_origin,intersectional_demographic_parity_diff,0.004461168987469298,0,3
benefits_denial,post_processing,sex_x_race,intersectional_demographic_parity_diff,-0.028687201533816,1,3
benefits_denial,unawareness,age,accuracy_equality_diff,-0.04617368341494935,3,3
benefits_denial,unawareness,age,demographic_parity_diff,0.03324649264035272,1,3
benefits_denial,unawareness,age,disparate_impact_ratio,1.255508465621957,1,3
benefits_denial,unawareness,age,equal_opportunity_diff,-0.021221532091097322,1,3
benefits_denial,unawareness,age,equalized_odds_diff,-0.021221532091097322,1,3
benefits_denial,unawareness,age,predictive_parity_diff,0.012014197055162676,0,3
benefits_denial,unawareness,age_x_race,intersectional_demographic_parity_diff,-0.03143419668843398,1,3
benefits_denial,unawareness,national_origin,accuracy_equality_diff,0.04386224506770472,3,3
benefits_denial,unawareness,national_origin,demographic_parity_diff,-0.01659305652593407,0,3
benefits_denial,unawareness,national_origin,disparate_impact_ratio,0.9007310511957467,0,3
benefits_denial,unawareness,national_origin,equal_opportunity_diff,0.06526130873956959,0,3
benefits_denial,unawareness,national_origin,equalized_odds_diff,0.06526130873956959,0,3
benefits_denial,unawareness,national_origin,predictive_parity_diff,0.020088021278155416,0,3
benefits_denial,unawareness,national_origin_x_age,intersectional_demographic_parity_diff,0.01468422400702537,0,3
benefits_denial,unawareness,national_origin_x_race,intersectional_demographic_parity_diff,-0.03525886864813038,0,3
benefits_denial,unawareness,race,accuracy_equality_diff,0.0772603394335805,3,3
benefits_denial,unawareness,race,demographic_parity_diff,-0.07490635585521681,3,3
benefits_denial,unawareness,race,disparate_impact_ratio,0.5801930536902997,3,3
benefits_denial,unawareness,race,equal_opportunity_diff,0.0024401186138376016,0,3
benefits_denial,unawareness,race,equalized_odds_diff,-0.00017908749714865002,1,3
benefits_denial,unawareness,race,predictive_parity_diff,-0.12286902883439159,2,3
benefits_denial,unawareness,sex,accuracy_equality_diff,0.12261690181256224,3,3
benefits_denial,unawareness,sex,demographic_parity_diff,-0.14393258251412225,3,3
benefits_denial,unawareness,sex,disparate_impact_ratio,0.32962084607296577,3,3
benefits_denial,unawareness,sex,equal_opportunity_diff,-0.08494766327583665,2,3
benefits_denial,unawareness,sex,equalized_odds_diff,-0.09661555013223881,3,3
benefits_denial,unawareness,sex,predictive_parity_diff,-0.07393939515707747,1,3
benefits_denial,unawareness,sex_x_age,intersectional_demographic_parity_diff,-0.1247251101698541,3,3
benefits_denial,unawareness,sex_x_national_origin,intersectional_demographic_parity_diff,-0.16019147302441336,3,3
benefits_denial,unawareness,sex_x_race,intersectional_demographic_parity_diff,-0.15884453971740933,3,3
benefits_denial,unawareness_proxy_removal,age,accuracy_equality_diff,-0.050679749075034995,3,3
benefits_denial,unawareness_proxy_removal,age,demographic_parity_diff,0.02891517358500902,3,3
benefits_denial,unawareness_proxy_removal,age,disparate_impact_ratio,1.3209392061355751,3,3
benefits_denial,unawareness_proxy_removal,age,equal_opportunity_diff,0.00036231884057968955,0,3
benefits_denial,unawareness_proxy_removal,age,equalized_odds_diff,0.013223059567258453,2,3
benefits_denial,unawareness_proxy_removal,age,predictive_parity_diff,-0.0237167779242952,0,3
benefits_denial,unawareness_proxy_removal,age_x_race,intersectional_demographic_parity_diff,-0.025906767432191165,0,3
benefits_denial,unawareness_proxy_removal,national_origin,accuracy_equality_diff,0.03775459959410451,3,3
benefits_denial,unawareness_proxy_removal,national_origin,demographic_parity_diff,0.0007695378780317406,0,3
benefits_denial,unawareness_proxy_removal,national_origin,disparate_impact_ratio,1.0087689523805936,0,3
benefits_denial,unawareness_proxy_removal,national_origin,equal_opportunity_diff,0.05725144420796598,0,3
benefits_denial,unawareness_proxy_removal,national_origin,equalized_odds_diff,0.05725144420796598,0,3
benefits_denial,unawareness_proxy_removal,national_origin,predictive_parity_diff,-0.03863975840147068,0,3
benefits_denial,unawareness_proxy_removal,national_origin_x_age,intersectional_demographic_parity_diff,0.031254383236673434,0,3
benefits_denial,unawareness_proxy_removal,national_origin_x_race,intersectional_demographic_parity_diff,0.004134707574304897,0,3
benefits_denial,unawareness_proxy_removal,race,accuracy_equality_diff,0.09874386179742001,3,3
benefits_denial,unawareness_proxy_removal,race,demographic_parity_diff,-0.04816830808363636,3,3
benefits_denial,unawareness_proxy_removal,race,disparate_impact_ratio,0.5159098690343452,3,3
benefits_denial,unawareness_proxy_removal,race,equal_opportunity_diff,0.018727636805304797,0,3
benefits_denial,unawareness_proxy_removal,race,equalized_odds_diff,0.013802136932796923,0,3
benefits_denial,unawareness_proxy_removal,race,predictive_parity_diff,-0.033616417399253175,0,3
benefits_denial,unawareness_proxy_removal,sex,accuracy_equality_diff,0.12902166239838872,3,3
benefits_denial,unawareness_proxy_removal,sex,demographic_parity_diff,-0.05987932349569835,3,3
benefits_denial,unawareness_proxy_removal,sex,disparate_impact_ratio,0.4762769563306031,3,3
benefits_denial,unawareness_proxy_removal,sex,equal_opportunity_diff,0.013312693498452008,0,3
benefits_denial,unawareness_proxy_removal,sex,equalized_odds_diff,0.013312693498452008,0,3
benefits_denial,unawareness_proxy_removal,sex,predictive_parity_diff,-0.17660309153776163,3,3
benefits_denial,unawareness_proxy_removal,sex_x_age,intersectional_demographic_parity_diff,-0.04426902836606341,2,3
benefits_denial,unawareness_proxy_removal,sex_x_national_origin,intersectional_demographic_parity_diff,-0.06924396473323931,3,3
benefits_denial,unawareness_proxy_removal,sex_x_race,intersectional_demographic_parity_diff,-0.07553630411760305,3,3
compas,baseline,race,accuracy_equality_diff,-0.04192036648751263,3,3
compas,baseline,race,demographic_parity_diff,0.85803670165308,3,3
compas,baseline,race,disparate_impact_ratio,304.65488392281617,3,3
compas,baseline,race,equal_opportunity_diff,0.9221664187521453,3,3
compas,baseline,race,equalized_odds_diff,0.9221664187521453,3,3
compas,baseline,race,predictive_parity_diff,0.08997422519630098,1,3
compas,in_processing,race,accuracy_equality_diff,-0.20363232016179822,3,3
compas,in_processing,race,demographic_parity_diff,0.012154192519886503,2,3
compas,in_processing,race,disparate_impact_ratio,1.1403899001912572,2,3
compas,in_processing,race,equal_opportunity_diff,-0.003186791332254496,1,3
compas,in_processing,race,equalized_odds_diff,-0.0015439074591206876,1,3
compas,in_processing,race,predictive_parity_diff,0.24743421674225244,3,3
compas,post_processing,race,accuracy_equality_diff,0.08801997654007872,3,3
compas,post_processing,race,demographic_parity_diff,0.023946719731258764,0,3
compas,post_processing,race,disparate_impact_ratio,1.0369906490580132,0,3
compas,post_processing,race,equal_opportunity_diff,-0.019021990835335734,0,3
compas,post_processing,race,equalized_odds_diff,-0.019021990835335734,0,3
compas,post_processing,race,predictive_parity_diff,0.2694212949981298,3,3
compas,unawareness,race,accuracy_equality_diff,0.015115168273559298,0,3
compas,unawareness,race,demographic_parity_diff,0.17610964105099636,3,3
compas,unawareness,race,disparate_impact_ratio,1.3760623336022666,3,3
compas,unawareness,race,equal_opportunity_diff,0.131028954236614,3,3
compas,unawareness,race,equalized_odds_diff,0.1441274607941275,3,3
compas,unawareness,race,predictive_parity_diff,0.25007866771959025,3,3
compas,unawareness_proxy_removal,race,accuracy_equality_diff,0.13742010045241224,3,3
compas,unawareness_proxy_removal,race,demographic_parity_diff,0.11869997853407037,3,3
compas,unawareness_proxy_removal,race,disparate_impact_ratio,1.167366406918564,3,3
compas,unawareness_proxy_removal,race,equal_opportunity_diff,0.06777942146013476,3,3
compas,unawareness_proxy_removal,race,equalized_odds_diff,0.07629295962629301,3,3
compas,unawareness_proxy_removal,race,predictive_parity_diff,0.2627513956661553,3,3
german_credit_lending,baseline,age,accuracy_equality_diff,-0.10915661761994318,1,3
german_credit_lending,baseline,age,demographic_parity_diff,-0.0781797396467161,1,3
german_credit_lending,baseline,age,disparate_impact_ratio,0.905829804459091,1,3
german_credit_lending,baseline,age,equal_opportunity_diff,-0.0974658869395711,1,3
german_credit_lending,baseline,age,equalized_odds_diff,-0.05331384015594539,1,3
german_credit_lending,baseline,age,predictive_parity_diff,-0.09208470599980038,0,3
german_credit_lending,in_processing,age,accuracy_equality_diff,-0.09897850057159718,1,3
german_credit_lending,in_processing,age,demographic_parity_diff,0.024560238964487224,0,3
german_credit_lending,in_processing,age,disparate_impact_ratio,1.0306997626748544,0,3
german_credit_lending,in_processing,age,equal_opportunity_diff,-0.013645224171540016,0,3
german_credit_lending,in_processing,age,equalized_odds_diff,0.162037037037037,0,3
german_credit_lending,in_processing,age,predictive_parity_diff,-0.11336464101719217,0,3
german_credit_lending,post_processing,age,accuracy_equality_diff,-0.04454770070435524,1,3
german_credit_lending,post_processing,age,demographic_parity_diff,0.05207065678356748,0,3
german_credit_lending,post_processing,age,disparate_impact_ratio,1.0712007358719464,0,3
german_credit_lending,post_processing,age,equal_opportunity_diff,0.04210526315789476,0,3
german_credit_lending,post_processing,age,equalized_odds_diff,0.15560428849902536,1,3
german_credit_lending,post_processing,age,predictive_parity_diff,-0.09622329519385531,1,3
german_credit_lending,unawareness,age,accuracy_equality_diff,-0.0623594055389608,0,3
german_credit_lending,unawareness,age,demographic_parity_diff,-0.041044363314525954,0,3
german_credit_lending,unawareness,age,disparate_impact_ratio,0.9486241227962614,0,3
german_credit_lending,unawareness,age,equal_opportunity_diff,-0.03586744639376216,0,3
german_credit_lending,unawareness,age,equalized_odds_diff,-0.03245614035087718,0,3
german_credit_lending,unawareness,age,predictive_parity_diff,-0.07305986498225008,0,3
german_credit_lending,unawareness_proxy_removal,age,accuracy_equality_diff,-0.05778662831434156,0,3
german_credit_lending,unawareness_proxy_removal,age,demographic_parity_diff,-0.03034996496662608,0,3
german_credit_lending,unawareness_proxy_removal,age,disparate_impact_ratio,0.9617410006310493,0,3
german_credit_lending,unawareness_proxy_removal,age,equal_opportunity_diff,-0.025341130604288515,0,3
german_credit_lending,unawareness_proxy_removal,age,equalized_odds_diff,0.011793372319688097,0,3
german_credit_lending,unawareness_proxy_removal,age,predictive_parity_diff,-0.0746467277608512,0,3
healthcare_readmission,baseline,age,accuracy_equality_diff,-0.021988479788666915,3,3
healthcare_readmission,baseline,age,demographic_parity_diff,-0.0030507287967264734,3,3
healthcare_readmission,baseline,age,disparate_impact_ratio,0.33726162418569067,3,3
healthcare_readmission,baseline,age,equal_opportunity_diff,-0.01793076474246767,3,3
healthcare_readmission,baseline,age,equalized_odds_diff,-0.01793076474246767,3,3
healthcare_readmission,baseline,age,predictive_parity_diff,-0.07226964769647698,0,3
healthcare_readmission,baseline,gender,accuracy_equality_diff,-0.009261171350386621,2,3
healthcare_readmission,baseline,gender,demographic_parity_diff,0.0010963113339932827,0,3
healthcare_readmission,baseline,gender,disparate_impact_ratio,1.5308473553302206,0,3
healthcare_readmission,baseline,gender,equal_opportunity_diff,0.003981123758232783,0,3
healthcare_readmission,baseline,gender,equalized_odds_diff,0.003981123758232783,0,3
healthcare_readmission,baseline,gender,predictive_parity_diff,-0.013869195320808233,0,3
healthcare_readmission,baseline,gender_x_age,intersectional_demographic_parity_diff,-0.0018599638946270062,2,3
healthcare_readmission,baseline,gender_x_race,intersectional_demographic_parity_diff,0.000385503426105755,0,3
healthcare_readmission,baseline,race,accuracy_equality_diff,0.012316661638037574,3,3
healthcare_readmission,baseline,race,demographic_parity_diff,-8.579402301384734e-05,0,3
healthcare_readmission,baseline,race,disparate_impact_ratio,0.9050301077424149,0,3
healthcare_readmission,baseline,race,equal_opportunity_diff,0.0017434389778180116,0,3
healthcare_readmission,baseline,race,equalized_odds_diff,0.0017434389778180116,0,3
healthcare_readmission,baseline,race,predictive_parity_diff,0.033665973665973646,0,3
healthcare_readmission,baseline,race_x_age,intersectional_demographic_parity_diff,-0.0031861823995588015,0,3
healthcare_readmission,in_processing,age,accuracy_equality_diff,-0.021369857140124553,3,3
healthcare_readmission,in_processing,age,demographic_parity_diff,-0.0007027663911694666,2,3
healthcare_readmission,in_processing,age,disparate_impact_ratio,0.2550095560925721,2,3
healthcare_readmission,in_processing,age,equal_opportunity_diff,-0.002390020582068594,1,3
healthcare_readmission,in_processing,age,equalized_odds_diff,-0.0024836796972887002,1,3
healthcare_readmission,in_processing,age,predictive_parity_diff,-0.042307692307692324,0,3
healthcare_readmission,in_processing,gender,accuracy_equality_diff,-0.009487223054340058,3,3
healthcare_readmission,in_processing,gender,demographic_parity_diff,0.00012017236072662738,1,3
healthcare_readmission,in_processing,gender,disparate_impact_ratio,344.60351843804364,1,3
healthcare_readmission,in_processing,gender,equal_opportunity_diff,-0.0003409608438943249,0,3
healthcare_readmission,in_processing,gender,equalized_odds_diff,-0.0003409608438943249,0,3
healthcare_readmission,in_processing,gender,predictive_parity_diff,-0.22916666666666666,0,3
healthcare_readmission,in_processing,gender_x_age,intersectional_demographic_parity_diff,-0.0005555980601275101,0,3
healthcare_readmission,in_processing,gender_x_race,intersectional_demographic_parity_diff,-0.00046461206767248344,0,3
healthcare_readmission,in_processing,race,accuracy_equality_diff,0.012326899565463623,3,3
healthcare_readmission,in_processing,race,demographic_parity_diff,-0.0005477243376765948,0,3
healthcare_readmission,in_processing,race,disparate_impact_ratio,0.16243442728658888,0,3
healthcare_readmission,in_processing,race,equal_opportunity_diff,-0.0018864365214110543,0,3
healthcare_readmission,in_processing,race,equalized_odds_diff,-0.0018864365214110543,0,3
healthcare_readmission,in_processing,race,predictive_parity_diff,-0.35714285714285715,0,3
healthcare_readmission,in_processing,race_x_age,intersectional_demographic_parity_diff,-0.001163843269106427,0,3
healthcare_readmission,post_processing,age,accuracy_equality_diff,-0.021229565473300755,3,3
healthcare_readmission,post_processing,age,demographic_parity_diff,-0.0011976332525361784,3,3
healthcare_readmission,post_processing,age,disparate_impact_ratio,0.22658387833647273,3,3
healthcare_readmission,post_processing,age,equal_opportunity_diff,-0.004182669599023688,1,3
healthcare_readmission,post_processing,age,equalized_odds_diff,-0.004182669599023688,1,3
healthcare_readmission,post_processing,age,predictive_parity_diff,0.06486729644624382,0,3
healthcare_readmission,post_processing,gender,accuracy_equality_diff,-0.009297176351609279,3,3
healthcare_readmission,post_processing,gender,demographic_parity_diff,-0.00010840422862933446,0,3
healthcare_readmission,post_processing,gender,disparate_impact_ratio,0.9902437948202395,0,3
healthcare_readmission,post_processing,gender,equal_opportunity_diff,-0.0006137295190097848,0,3
healthcare_readmission,post_processing,gender,equalized_odds_diff,-0.0006137295190097848,0,3
healthcare_readmission,post_processing,gender,predictive_parity_diff,-0.015873015873015872,0,3
healthcare_readmission,post_processing,gender_x_age,intersectional_demographic_parity_diff,-0.0012325240643703708,2,3
healthcare_readmission,post_processing,gender_x_race,intersectional_demographic_parity_diff,-0.0007570963112632318,0,3
healthcare_readmission,post_processing,race,accuracy_equality_diff,0.012236909043719582,3,3
healthcare_readmission,post_processing,race,demographic_parity_diff,-0.000614782284355385,0,3
healthcare_readmission,post_processing,race,disparate_impact_ratio,0.4932178898124055,0,3
healthcare_readmission,post_processing,race,equal_opportunity_diff,-0.0024931662120233466,0,3
healthcare_readmission,post_processing,race,equalized_odds_diff,-0.0024931662120233466,0,3
healthcare_readmission,post_processing,race,predictive_parity_diff,-0.22079772079772084,0,3
healthcare_readmission,post_processing,race_x_age,intersectional_demographic_parity_diff,-0.0018535281693176431,0,3
healthcare_readmission,unawareness,age,accuracy_equality_diff,-0.02196932779491782,3,3
healthcare_readmission,unawareness,age,demographic_parity_diff,-0.003146488765471724,3,3
healthcare_readmission,unawareness,age,disparate_impact_ratio,0.24017512208395067,3,3
healthcare_readmission,unawareness,age,equal_opportunity_diff,-0.017927558812780117,3,3
healthcare_readmission,unawareness,age,equalized_odds_diff,-0.017927558812780117,3,3
healthcare_readmission,unawareness,age,predictive_parity_diff,-0.06429681429681434,0,3
healthcare_readmission,unawareness,gender,accuracy_equality_diff,-0.00914092114466769,2,3
healthcare_readmission,unawareness,gender,demographic_parity_diff,0.0013032537846187596,1,3
healthcare_readmission,unawareness,gender,disparate_impact_ratio,1.7385809336951044,1,3
healthcare_readmission,unawareness,gender,equal_opportunity_diff,0.005599334747509024,1,3
healthcare_readmission,unawareness,gender,equalized_odds_diff,0.005866128176039708,1,3
healthcare_readmission,unawareness,gender,predictive_parity_diff,0.025918890156932457,0,3
healthcare_readmission,unawareness,gender_x_age,intersectional_demographic_parity_diff,-0.001757880573728521,1,3
healthcare_readmission,unawareness,gender_x_race,intersectional_demographic_parity_diff,0.001255940405791043,0,3
healthcare_readmission,unawareness,race,accuracy_equality_diff,0.01266198377557115,3,3
healthcare_readmission,unawareness,race,demographic_parity_diff,8.97849984576674e-05,0,3
healthcare_readmission,unawareness,race,disparate_impact_ratio,1.049540017937554,0,3
healthcare_readmission,unawareness,race,equal_opportunity_diff,0.0040071628035112765,0,3
healthcare_readmission,unawareness,race,equalized_odds_diff,0.003965604747943233,0,3
healthcare_readmission,unawareness,race,predictive_parity_diff,0.08552808127276211,0,3
healthcare_readmission,unawareness,race_x_age,intersectional_demographic_parity_diff,-0.0029526979175468634,1,3
healthcare_readmission,unawareness_proxy_removal,age,accuracy_equality_diff,-0.021265253346697932,3,3
healthcare_readmission,unawareness_proxy_removal,age,demographic_parity_diff,-0.0006236985894082645,1,3
healthcare_readmission,unawareness_proxy_removal,age,disparate_impact_ratio,0.21258403660286138,1,3
healthcare_readmission,unawareness_proxy_removal,age,equal_opportunity_diff,-0.001493963234398343,0,3
healthcare_readmission,unawareness_proxy_removal,age,equalized_odds_diff,-0.0015876223496184498,0,3
healthcare_readmission,unawareness_proxy_removal,age,predictive_parity_diff,0.024999999999999994,0,3
healthcare_readmission,unawareness_proxy_removal,gender,accuracy_equality_diff,-0.009388606987351592,3,3
healthcare_readmission,unawareness_proxy_removal,gender,demographic_parity_diff,0.00010335445782428379,1,3
healthcare_readmission,unawareness_proxy_removal,gender,disparate_impact_ratio,344.54588751857403,1,3
healthcare_readmission,unawareness_proxy_removal,gender,equal_opportunity_diff,6.359190342473519e-05,0,3
healthcare_readmission,unawareness_proxy_removal,gender,equalized_odds_diff,6.359190342473519e-05,0,3
healthcare_readmission,unawareness_proxy_removal,gender,predictive_parity_diff,-0.14166666666666666,0,3
healthcare_readmission,unawareness_proxy_removal,gender_x_age,intersectional_demographic_parity_diff,-0.000493559472125773,0,3
healthcare_readmission,unawareness_proxy_removal,gender_x_race,intersectional_demographic_parity_diff,-0.0005002956292354572,0,3
healthcare_readmission,unawareness_proxy_removal,race,accuracy_equality_diff,0.012495414321419021,3,3
healthcare_readmission,unawareness_proxy_removal,race,demographic_parity_diff,-0.0005860138038807137,0,3
healthcare_readmission,unawareness_proxy_removal,race,disparate_impact_ratio,0.0017623231889159895,0,3
healthcare_readmission,unawareness_proxy_removal,race,equal_opportunity_diff,-0.0013205055649877383,0,3
healthcare_readmission,unawareness_proxy_removal,race,equalized_odds_diff,-0.0013205055649877383,0,3
healthcare_readmission,unawareness_proxy_removal,race,predictive_parity_diff,,0,3
healthcare_readmission,unawareness_proxy_removal,race_x_age,intersectional_demographic_parity_diff,-0.001034527350316824,0,3
insurance_denial,baseline,age,accuracy_equality_diff,0.046115082620414936,0,3
insurance_denial,baseline,age,demographic_parity_diff,-0.07476854564631431,0,3
insurance_denial,baseline,age,disparate_impact_ratio,0.8133908964314657,0,3
insurance_denial,baseline,age,equal_opportunity_diff,-0.004239015244150972,0,3
insurance_denial,baseline,age,equalized_odds_diff,-0.03504598272495609,0,3
insurance_denial,baseline,age,predictive_parity_diff,0.006044056318997404,0,3
insurance_denial,baseline,age_x_gender,intersectional_demographic_parity_diff,-0.0767676767676768,0,3
insurance_denial,baseline,gender,accuracy_equality_diff,-0.02322971608124787,0,3
insurance_denial,baseline,gender,demographic_parity_diff,0.01728201099764339,0,3
insurance_denial,baseline,gender,disparate_impact_ratio,1.0501418747472593,0,3
insurance_denial,baseline,gender,equal_opportunity_diff,-0.0011883541295305926,0,3
insurance_denial,baseline,gender,equalized_odds_diff,0.056108597285067875,1,3
insurance_denial,baseline,gender,predictive_parity_diff,-0.07335723250929764,1,3
insurance_denial,in_processing,age,accuracy_equality_diff,-0.0075198249931638,0,3
insurance_denial,in_processing,age,demographic_parity_diff,-0.05136919410914489,0,3
insurance_denial,in_processing,age,disparate_impact_ratio,0.8738538217817079,0,3
insurance_denial,in_processing,age,equal_opportunity_diff,-0.052580092932257315,0,3
insurance_denial,in_processing,age,equalized_odds_diff,-0.05193189508694942,0,3
insurance_denial,in_processing,age,predictive_parity_diff,-0.08662921690415297,0,3
insurance_denial,in_processing,age_x_gender,intersectional_demographic_parity_diff,-0.09595959595959595,0,3
insurance_denial,in_processing,gender,accuracy_equality_diff,0.025100063591815342,0,3
insurance_denial,in_processing,gender,demographic_parity_diff,0.004526240975573285,0,3
insurance_denial,in_processing,gender,disparate_impact_ratio,1.0196537300521076,0,3
insurance_denial,in_processing,gender,equal_opportunity_diff,0.03119429590017823,0,3
insurance_denial,in_processing,gender,equalized_odds_diff,0.0064696741167329375,0,3
insurance_denial,in_processing,gender,predictive_parity_diff,-2.2744801615718718e-05,0,3
insurance_denial,post_processing,age,accuracy_equality_diff,-0.031973905230673116,0,3
insurance_denial,post_processing,age,demographic_parity_diff,-0.13367709676159226,1,3
insurance_denial,post_processing,age,disparate_impact_ratio,0.6254141759126903,1,3
insurance_denial,post_processing,age,equal_opportunity_diff,-0.17045732452922477,1,3
insurance_denial,post_processing,age,equalized_odds_diff,-0.17045732452922477,1,3
insurance_denial,post_processing,age,predictive_parity_diff,-0.03754041667396313,0,3
insurance_denial,post_processing,age_x_gender,intersectional_demographic_parity_diff,-0.12676767676767675,0,3
insurance_denial,post_processing,gender,accuracy_equality_diff,0.03224479108218311,0,3
insurance_denial,post_processing,gender,demographic_parity_diff,0.05753188942505518,0,3
insurance_denial,post_processing,gender,disparate_impact_ratio,1.2410766705941976,0,3
insurance_denial,post_processing,gender,equal_opportunity_diff,0.09001782531194293,0,3
insurance_denial,post_processing,gender,equalized_odds_diff,0.09001782531194293,0,3
insurance_denial,post_processing,gender,predictive_parity_diff,-0.04805050233902549,0,3
insurance_denial,unawareness,age,accuracy_equality_diff,0.016973319270284042,0,3
insurance_denial,unawareness,age,demographic_parity_diff,-0.04761904761904764,0,3
insurance_denial,unawareness,age,disparate_impact_ratio,0.8803656986352397,0,3
insurance_denial,unawareness,age,equal_opportunity_diff,-0.004809651911632813,0,3
insurance_denial,unawareness,age,equalized_odds_diff,0.001025510382984554,0,3
insurance_denial,unawareness,age,predictive_parity_diff,-0.0639446977682272,1,3
insurance_denial,unawareness,age_x_gender,intersectional_demographic_parity_diff,-0.12929292929292932,0,3
insurance_denial,unawareness,gender,accuracy_equality_diff,-0.01827329517824409,0,3
insurance_denial,unawareness,gender,demographic_parity_diff,-0.04266262671604382,0,3
insurance_denial,unawareness,gender,disparate_impact_ratio,0.889946856882128,0,3
insurance_denial,unawareness,gender,equal_opportunity_diff,-0.055704099821746844,0,3
insurance_denial,unawareness,gender,equalized_odds_diff,-0.050843274372686126,0,3
insurance_denial,unawareness,gender,predictive_parity_diff,-0.003987400526917632,0,3
insurance_denial,unawareness_proxy_removal,age,accuracy_equality_diff,-0.02691511387163566,0,3
insurance_denial,unawareness_proxy_removal,age,demographic_parity_diff,-0.08381186765108012,0,3
insurance_denial,unawareness_proxy_removal,age,disparate_impact_ratio,0.7966880042171134,0,3
insurance_denial,unawareness_proxy_removal,age,equal_opportunity_diff,-0.1018178853835494,0,3
insurance_denial,unawareness_proxy_removal,age,equalized_odds_diff,-0.1018178853835494,0,3
insurance_denial,unawareness_proxy_removal,age,predictive_parity_diff,-0.10266553430160197,0,3
insurance_denial,unawareness_proxy_removal,age_x_gender,intersectional_demographic_parity_diff,-0.1484848484848485,0,3
insurance_denial,unawareness_proxy_removal,gender,accuracy_equality_diff,0.042325964164141694,0,3
insurance_denial,unawareness_proxy_removal,gender,demographic_parity_diff,-0.0028990386413795624,0,3
insurance_denial,unawareness_proxy_removal,gender,disparate_impact_ratio,1.008197442037005,0,3
insurance_denial,unawareness_proxy_removal,gender,equal_opportunity_diff,0.04188948306595367,0,3
insurance_denial,unawareness_proxy_removal,gender,equalized_odds_diff,-0.013225010283833808,0,3
insurance_denial,unawareness_proxy_removal,gender,predictive_parity_diff,0.01990279041392558,0,3
tenant_screening,baseline,race,accuracy_equality_diff,-0.0089891389640581,0,3
tenant_screening,baseline,race,demographic_parity_diff,0.06410274430812128,3,3
tenant_screening,baseline,race,disparate_impact_ratio,1.1057842831392848,3,3
tenant_screening,baseline,race,equal_opportunity_diff,0.04269057250368543,3,3
tenant_screening,baseline,race,equalized_odds_diff,0.08472131467414486,3,3
tenant_screening,baseline,race,predictive_parity_diff,-0.020088716911252098,0,3
tenant_screening,in_processing,race,accuracy_equality_diff,-0.0008672470789932903,0,3
tenant_screening,in_processing,race,demographic_parity_diff,0.031248548561762218,1,3
tenant_screening,in_processing,race,disparate_impact_ratio,1.0501790574806285,1,3
tenant_screening,in_processing,race,equal_opportunity_diff,0.021504208525658413,1,3
tenant_screening,in_processing,race,equalized_odds_diff,0.040434831542281134,1,3
tenant_screening,in_processing,race,predictive_parity_diff,-0.0005504000211843755,0,3
tenant_screening,post_processing,race,accuracy_equality_diff,-0.01380969638152881,0,3
tenant_screening,post_processing,race,demographic_parity_diff,-0.00523164546853853,0,3
tenant_screening,post_processing,race,disparate_impact_ratio,0.9923066460637863,0,3
tenant_screening,post_processing,race,equal_opportunity_diff,-0.022157692006792518,0,3
tenant_screening,post_processing,race,equalized_odds_diff,0.004530586559629087,0,3
tenant_screening,post_processing,race,predictive_parity_diff,-0.001116080426832311,0,3
tenant_screening,unawareness,race,accuracy_equality_diff,-0.011629890786657104,0,3
tenant_screening,unawareness,race,demographic_parity_diff,0.09091355865358682,3,3
tenant_screening,unawareness,race,disparate_impact_ratio,1.1536870281284106,3,3
tenant_screening,unawareness,race,equal_opportunity_diff,0.06361738388779718,3,3
tenant_screening,unawareness,race,equalized_odds_diff,0.1193374672148257,3,3
tenant_screening,unawareness,race,predictive_parity_diff,-0.03149904740596998,2,3
tenant_screening,unawareness_proxy_removal,race,accuracy_equality_diff,-0.00291438612616531,0,3
tenant_screening,unawareness_proxy_removal,race,demographic_parity_diff,0.08269154299394328,3,3
tenant_screening,unawareness_proxy_removal,race,disparate_impact_ratio,1.135740607472134,3,3
tenant_screening,unawareness_proxy_removal,race,equal_opportunity_diff,0.0645784341247233,3,3
tenant_screening,unawareness_proxy_removal,race,equalized_odds_diff,0.10214017739245358,3,3
tenant_screening,unawareness_proxy_removal,race,predictive_parity_diff,-0.015844124341062193,0,3
